dataset,n_detectors,detectors,f1,precision,recall,roc_auc,runtime_sec
cardio,2,IsolationForest+LOF,0.34234234234234234,0.2077764277035237,0.9715909090909091,0.9105740181268881,0.35497498512268066
cardio,3,IsolationForest+LOF+HBOS,0.39077340569877883,0.25668449197860965,0.8181818181818182,0.9020461411700083,0.5719866752624512
cardio,4,IsolationForest+LOF+HBOS+COPOD,0.45170068027210886,0.29695885509839,0.9431818181818182,0.9117241142543256,0.3418290615081787
cardio,5,IsolationForest+LOF+HBOS+COPOD+VAE,0.4398826979472141,0.2964426877470356,0.8522727272727273,0.9104572919527603,13.522914409637451
cardio,6,IsolationForest+LOF+HBOS+COPOD+VAE+KNN,0.4444444444444444,0.2992125984251969,0.8636363636363636,0.9077657237022796,14.329148769378662
cardio,7,IsolationForest+LOF+HBOS+COPOD+VAE+KNN+MCD,0.45,0.328125,0.7159090909090909,0.9052835759406755,15.511788368225098
cardio,8,IsolationForest+LOF+HBOS+COPOD+VAE+KNN+MCD+INNE,0.394919168591224,0.24782608695652175,0.9715909090909091,0.9158438615764899,15.870795011520386
cardio,9,IsolationForest+LOF+HBOS+COPOD+VAE+KNN+MCD+INNE+PCA,0.425273390036452,0.2704791344667697,0.9943181818181818,0.9212510299368307,9.515612363815308
cardio,10,IsolationForest+LOF+HBOS+COPOD+VAE+KNN+MCD+INNE+PCA+DeepSVDD,0.43316831683168316,0.27689873417721517,0.9943181818181818,0.9241657511672617,15.739888191223145
cardio,11,IsolationForest+LOF+HBOS+COPOD+VAE+KNN+MCD+INNE+PCA+DeepSVDD+LUNAR,0.44733420026007803,0.2900505902192243,0.9772727272727273,0.9216836034056578,17.371525526046753
lympho,2,IsolationForest+LOF,0.3333333333333333,0.2,1.0,0.9953051643192489,0.4323546886444092
lympho,3,IsolationForest+LOF+HBOS,0.5,0.3333333333333333,1.0,0.9976525821596244,0.2661135196685791
lympho,4,IsolationForest+LOF+HBOS+COPOD,0.5,0.3333333333333333,1.0,0.9976525821596244,0.27330446243286133
lympho,5,IsolationForest+LOF+HBOS+COPOD+VAE,0.5,0.3333333333333333,1.0,0.9964788732394366,1.2103533744812012
lympho,6,IsolationForest+LOF+HBOS+COPOD+VAE+KNN,0.5,0.3333333333333333,1.0,0.9953051643192489,1.5589020252227783
lympho,7,IsolationForest+LOF+HBOS+COPOD+VAE+KNN+MCD,0.46153846153846156,0.3,1.0,0.9941314553990611,1.5418314933776855
lympho,8,IsolationForest+LOF+HBOS+COPOD+VAE+KNN+MCD+INNE,0.48,0.3157894736842105,1.0,0.9953051643192489,1.8319833278656006
lympho,9,IsolationForest+LOF+HBOS+COPOD+VAE+KNN+MCD+INNE+PCA,0.5,0.3333333333333333,1.0,0.9941314553990611,1.7162609100341797
lympho,10,IsolationForest+LOF+HBOS+COPOD+VAE+KNN+MCD+INNE+PCA+DeepSVDD,0.5,0.3333333333333333,1.0,0.9953051643192489,1.6523993015289307
lympho,11,IsolationForest+LOF+HBOS+COPOD+VAE+KNN+MCD+INNE+PCA+DeepSVDD+LUNAR,0.5,0.3333333333333333,1.0,0.9941314553990611,2.407727003097534
glass,2,IsolationForest+LOF,0.15384615384615385,0.09302325581395349,0.4444444444444444,0.7436314363143632,0.24699759483337402
glass,3,IsolationForest+LOF+HBOS,0.11428571428571428,0.06557377049180328,0.4444444444444444,0.7176151761517615,0.2841832637786865
glass,4,IsolationForest+LOF+HBOS+COPOD,0.125,0.07042253521126761,0.5555555555555556,0.6953929539295394,0.5257818698883057
glass,5,IsolationForest+LOF+HBOS+COPOD+VAE,0.11904761904761904,0.06666666666666667,0.5555555555555556,0.6861788617886179,2.3325142860412598
glass,6,IsolationForest+LOF+HBOS+COPOD+VAE+KNN,0.06896551724137931,0.05,0.1111111111111111,0.7143631436314364,2.0296101570129395
glass,7,IsolationForest+LOF+HBOS+COPOD+VAE+KNN+MCD,0.07407407407407407,0.05555555555555555,0.1111111111111111,0.7111111111111111,2.317770481109619
glass,8,IsolationForest+LOF+HBOS+COPOD+VAE+KNN+MCD+INNE,0.06896551724137931,0.05,0.1111111111111111,0.7105691056910569,2.794590473175049
glass,9,IsolationForest+LOF+HBOS+COPOD+VAE+KNN+MCD+INNE+PCA,0.07142857142857142,0.05263157894736842,0.1111111111111111,0.7008130081300813,3.3342905044555664
glass,10,IsolationForest+LOF+HBOS+COPOD+VAE+KNN+MCD+INNE+PCA+DeepSVDD,0.07142857142857142,0.05263157894736842,0.1111111111111111,0.6986449864498645,2.828793525695801
glass,11,IsolationForest+LOF+HBOS+COPOD+VAE+KNN+MCD+INNE+PCA+DeepSVDD+LUNAR,0.07407407407407407,0.05555555555555555,0.1111111111111111,0.7046070460704608,3.270197629928589
ionosphere,2,IsolationForest+LOF,0.7203389830508474,0.7727272727272727,0.6746031746031746,0.8952380952380953,0.3961358070373535
ionosphere,3,IsolationForest+LOF+HBOS,0.7011070110701108,0.6551724137931034,0.753968253968254,0.8571781305114639,0.36309027671813965
ionosphere,4,IsolationForest+LOF+HBOS+COPOD,0.6296296296296297,0.5902777777777778,0.6746031746031746,0.8334391534391534,0.3621180057525635
ionosphere,5,IsolationForest+LOF+HBOS+COPOD+VAE,0.6741573033707865,0.6382978723404256,0.7142857142857143,0.8487477954144621,3.9036011695861816
ionosphere,6,IsolationForest+LOF+HBOS+COPOD+VAE+KNN,0.6539923954372624,0.6277372262773723,0.6825396825396826,0.871252204585538,3.760211944580078
ionosphere,7,IsolationForest+LOF+HBOS+COPOD+VAE+KNN+MCD,0.6666666666666666,0.9420289855072463,0.5158730158730159,0.9046560846560847,3.91633939743042
ionosphere,8,IsolationForest+LOF+HBOS+COPOD+VAE+KNN+MCD+INNE,0.7953667953667953,0.7744360902255639,0.8174603174603174,0.8951322751322751,3.6872050762176514
ionosphere,9,IsolationForest+LOF+HBOS+COPOD+VAE+KNN+MCD+INNE+PCA,0.7215686274509804,0.7131782945736435,0.7301587301587301,0.8815873015873016,4.190012216567993
ionosphere,10,IsolationForest+LOF+HBOS+COPOD+VAE+KNN+MCD+INNE+PCA+DeepSVDD,0.712,0.717741935483871,0.7063492063492064,0.8816931216931216,3.8116586208343506
ionosphere,11,IsolationForest+LOF+HBOS+COPOD+VAE+KNN+MCD+INNE+PCA+DeepSVDD+LUNAR,0.7076923076923077,1.0,0.5476190476190477,0.902716049382716,4.0624895095825195
letter,2,IsolationForest+LOF,0.2074788902291918,0.11796982167352538,0.86,0.7298666666666667,0.37552332878112793
letter,3,IsolationForest+LOF+HBOS,0.1723625557206538,0.1012216404886562,0.58,0.66974,0.4066636562347412
letter,4,IsolationForest+LOF+HBOS+COPOD,0.12602739726027398,0.07301587301587302,0.46,0.6269199999999999,0.8208966255187988
letter,5,IsolationForest+LOF+HBOS+COPOD+VAE,0.16614420062695925,0.09851301115241635,0.53,0.67422,13.129307270050049
letter,6,IsolationForest+LOF+HBOS+COPOD+VAE+KNN,0.16944024205748864,0.09982174688057041,0.56,0.7347066666666666,14.62786340713501
letter,7,IsolationForest+LOF+HBOS+COPOD+VAE+KNN+MCD,0.23529411764705882,0.14414414414414414,0.64,0.7620733333333333,15.42190432548523
letter,8,IsolationForest+LOF+HBOS+COPOD+VAE+KNN+MCD+INNE,0.19322033898305085,0.11632653061224489,0.57,0.7436133333333333,14.857718229293823
letter,9,IsolationForest+LOF+HBOS+COPOD+VAE+KNN+MCD+INNE+PCA,0.20994475138121546,0.12866817155756208,0.57,0.7160066666666666,14.438593626022339
letter,10,IsolationForest+LOF+HBOS+COPOD+VAE+KNN+MCD+INNE+PCA+DeepSVDD,0.18450184501845018,0.11312217194570136,0.5,0.7058466666666666,14.209845304489136
letter,11,IsolationForest+LOF+HBOS+COPOD+VAE+KNN+MCD+INNE+PCA+DeepSVDD+LUNAR,0.20934579439252338,0.12873563218390804,0.56,0.7381599999999999,14.165626287460327
mammography,2,IsolationForest+LOF,0.08378050891466159,0.04386441906833424,0.9307692307692308,0.8680990711202192,0.8993339538574219
mammography,3,IsolationForest+LOF+HBOS,0.1024200518582541,0.05425824175824176,0.9115384615384615,0.8744741160149015,0.8782515525817871
mammography,4,IsolationForest+LOF+HBOS+COPOD,0.10277717034769299,0.05448643635520519,0.9038461538461539,0.8883291431629802,0.8871726989746094
mammography,5,IsolationForest+LOF+HBOS+COPOD+VAE,0.10074074074074074,0.053303471444568866,0.9153846153846154,0.8877002654948274,50.79492545127869
mammography,6,IsolationForest+LOF+HBOS+COPOD+VAE+KNN,0.10069811719906918,0.053279605999552275,0.9153846153846154,0.8878428721329022,56.58141279220581
mammography,7,IsolationForest+LOF+HBOS+COPOD+VAE+KNN+MCD,0.09933774834437085,0.05249343832020997,0.9230769230769231,0.8879847745406658,89.14510083198547
mammography,8,IsolationForest+LOF+HBOS+COPOD+VAE+KNN+MCD+INNE,0.09933774834437085,0.05249343832020997,0.9230769230769231,0.8877537869984999,56.480321645736694
mammography,9,IsolationForest+LOF+HBOS+COPOD+VAE+KNN+MCD+INNE+PCA,0.10084033613445378,0.05333333333333334,0.9230769230769231,0.8883252698962669,78.02813339233398
mammography,10,IsolationForest+LOF+HBOS+COPOD+VAE+KNN+MCD+INNE+PCA+DeepSVDD,0.10193246973879805,0.05394470667565745,0.9230769230769231,0.8878301959872957,98.39895510673523
mammography,11,IsolationForest+LOF+HBOS+COPOD+VAE+KNN+MCD+INNE+PCA+DeepSVDD+LUNAR,0.10064462466209191,0.05319850516597054,0.9307692307692308,0.8874558975767436,58.896080017089844
musk,2,IsolationForest+LOF,0.2664835164835165,0.1537242472266244,1.0,0.9998678743415448,0.6038112640380859
musk,3,IsolationForest+LOF+HBOS,0.303125,0.17863720073664824,1.0,0.9999791380539281,0.6598913669586182
musk,4,IsolationForest+LOF+HBOS+COPOD,0.16796536796536796,0.09168241965973535,1.0,0.9994506354201075,0.6709508895874023
musk,5,IsolationForest+LOF+HBOS+COPOD+VAE,0.15038759689922482,0.08130762782900251,1.0,0.9992941708245684,14.382073163986206
musk,6,IsolationForest+LOF+HBOS+COPOD+VAE+KNN,0.14641509433962263,0.07899022801302931,1.0,0.9990785973818258,13.881765365600586
musk,7,IsolationForest+LOF+HBOS+COPOD+VAE+KNN+MCD,0.15862632869991825,0.08614564831261101,1.0,0.9994923593122511,36.68584227561951
musk,8,IsolationForest+LOF+HBOS+COPOD+VAE+KNN+MCD+INNE,0.14696969696969697,0.07931316434995912,1.0,0.9996453469167782,40.5387327671051
musk,9,IsolationForest+LOF+HBOS+COPOD+VAE+KNN+MCD+INNE+PCA,0.17572463768115942,0.09632571996027806,1.0,0.9999408911527964,42.43209218978882
musk,10,IsolationForest+LOF+HBOS+COPOD+VAE+KNN+MCD+INNE+PCA+DeepSVDD,0.1488871834228703,0.08043117744610281,1.0,0.9998817823055927,43.38333868980408
musk,11,IsolationForest+LOF+HBOS+COPOD+VAE+KNN+MCD+INNE+PCA+DeepSVDD+LUNAR,0.14520958083832336,0.07828894269572235,1.0,0.9999061212426765,42.35439682006836
optdigits,2,IsolationForest+LOF,0.08249899879855827,0.04388581167447806,0.6866666666666666,0.6651559415712593,0.9856307506561279
optdigits,3,IsolationForest+LOF+HBOS,0.13333333333333333,0.07407407407407407,0.6666666666666666,0.7761179102513489,1.4463832378387451
optdigits,4,IsolationForest+LOF+HBOS+COPOD,0.12009237875288684,0.06573957016434892,0.6933333333333334,0.7535596789051192,1.175748586654663
optdigits,5,IsolationForest+LOF+HBOS+COPOD+VAE,0.1067378252168112,0.05930318754633061,0.5333333333333333,0.7432043689959206,42.599562644958496
optdigits,6,IsolationForest+LOF+HBOS+COPOD+VAE+KNN,0.0887040887040887,0.04949729311678268,0.4266666666666667,0.6983116199499935,25.72788381576538
optdigits,7,IsolationForest+LOF+HBOS+COPOD+VAE+KNN+MCD,0.053199137311286844,0.029814665592264304,0.24666666666666667,0.6901894986182393,43.393670320510864
optdigits,8,IsolationForest+LOF+HBOS+COPOD+VAE+KNN+MCD+INNE,0.060778727445394115,0.032719836400818,0.4266666666666667,0.6378707724700619,43.265541553497314
optdigits,9,IsolationForest+LOF+HBOS+COPOD+VAE+KNN+MCD+INNE+PCA,0.060778727445394115,0.032719836400818,0.4266666666666667,0.6378707724700619,38.68779921531677
optdigits,10,IsolationForest+LOF+HBOS+COPOD+VAE+KNN+MCD+INNE+PCA+DeepSVDD,0.05493975903614458,0.02961038961038961,0.38,0.6387827345703382,44.35061168670654
optdigits,11,IsolationForest+LOF+HBOS+COPOD+VAE+KNN+MCD+INNE+PCA+DeepSVDD+LUNAR,0.05536992840095466,0.02982005141388175,0.38666666666666666,0.6285379655217792,32.335277795791626
pendigits,2,IsolationForest+LOF,0.07548995886765061,0.039225546894644206,1.0,0.9190096468916845,0.9437398910522461
pendigits,3,IsolationForest+LOF+HBOS,0.12680115273775217,0.06775186977562693,0.9871794871794872,0.9405652559137814,0.9741802215576172
pendigits,4,IsolationForest+LOF+HBOS+COPOD,0.12192262602579132,0.06491885143570537,1.0,0.9330789853578056,1.0022408962249756
pendigits,5,IsolationForest+LOF+HBOS+COPOD+VAE,0.11912943871706758,0.06333739342265529,1.0,0.9318654858199095,32.405860900878906
pendigits,6,IsolationForest+LOF+HBOS+COPOD+VAE+KNN,0.11818181818181818,0.06280193236714976,1.0,0.9284961389519031,32.32974362373352
pendigits,7,IsolationForest+LOF+HBOS+COPOD+VAE+KNN+MCD,0.13010842368640535,0.0695807314897413,1.0,0.9176758476356331,34.26913142204285
pendigits,8,IsolationForest+LOF+HBOS+COPOD+VAE+KNN+MCD+INNE,0.12197028928850664,0.0649458784346378,1.0,0.9138921350717598,36.03002142906189
pendigits,9,IsolationForest+LOF+HBOS+COPOD+VAE+KNN+MCD+INNE+PCA,0.12293144208037825,0.0654911838790932,1.0,0.920266110614636,35.17531967163086
pendigits,10,IsolationForest+LOF+HBOS+COPOD+VAE+KNN+MCD+INNE+PCA+DeepSVDD,0.13087248322147652,0.07001795332136446,1.0,0.9220954301383255,45.457552433013916
pendigits,11,IsolationForest+LOF+HBOS+COPOD+VAE+KNN+MCD+INNE+PCA+DeepSVDD+LUNAR,0.12967581047381546,0.06933333333333333,1.0,0.9198221473690643,39.17347526550293
pima,2,IsolationForest+LOF,0.45579567779960706,0.48132780082987553,0.43283582089552236,0.6765522388059702,0.5393526554107666
pima,3,IsolationForest+LOF+HBOS,0.5,0.5387931034482759,0.4664179104477612,0.6980149253731344,0.33801960945129395
pima,4,IsolationForest+LOF+HBOS+COPOD,0.5225563909774437,0.5265151515151515,0.5186567164179104,0.6897611940298508,0.3229379653930664
pima,5,IsolationForest+LOF+HBOS+COPOD+VAE,0.5086042065009561,0.5215686274509804,0.4962686567164179,0.6951268656716417,6.17817497253418
pima,6,IsolationForest+LOF+HBOS+COPOD+VAE+KNN,0.5176908752327747,0.516728624535316,0.5186567164179104,0.6997014925373135,5.6378984451293945
pima,7,IsolationForest+LOF+HBOS+COPOD+VAE+KNN+MCD,0.5029469548133595,0.5311203319502075,0.47761194029850745,0.6989179104477612,6.743207693099976
pima,8,IsolationForest+LOF+HBOS+COPOD+VAE+KNN+MCD+INNE,0.5305410122164049,0.49836065573770494,0.5671641791044776,0.6895149253731344,6.380605697631836
pima,9,IsolationForest+LOF+HBOS+COPOD+VAE+KNN+MCD+INNE+PCA,0.5239852398523985,0.5182481751824818,0.5298507462686567,0.686276119402985,6.9713616371154785
pima,10,IsolationForest+LOF+HBOS+COPOD+VAE+KNN+MCD+INNE+PCA+DeepSVDD,0.5094339622641509,0.5152671755725191,0.503731343283582,0.6824029850746269,7.06082820892334
pima,11,IsolationForest+LOF+HBOS+COPOD+VAE+KNN+MCD+INNE+PCA+DeepSVDD+LUNAR,0.5168539325842697,0.518796992481203,0.5149253731343284,0.6839925373134328,5.612916469573975
satellite,2,IsolationForest+LOF,0.5806323324716643,0.4878048780487805,0.7170923379174853,0.7319396576557183,1.1315956115722656
satellite,3,IsolationForest+LOF+HBOS,0.6058492084786692,0.667652276759314,0.5545186640471512,0.736556151581155,0.94429612159729
satellite,4,IsolationForest+LOF+HBOS+COPOD,0.5735217163788592,0.6136618141097424,0.5383104125736738,0.7080184548104566,0.931053638458252
satellite,5,IsolationForest+LOF+HBOS+COPOD+VAE,0.6058473199783433,0.6749095295536791,0.5496070726915521,0.7165198957969998,30.333186149597168
satellite,6,IsolationForest+LOF+HBOS+COPOD+VAE+KNN,0.611689351481185,0.6697837521917007,0.56286836935167,0.7324954635608826,49.77904033660889
satellite,7,IsolationForest+LOF+HBOS+COPOD+VAE+KNN+MCD,0.6223680612523926,0.7020357803824799,0.5589390962671905,0.7394117746889252,33.822518825531006
satellite,8,IsolationForest+LOF+HBOS+COPOD+VAE+KNN+MCD+INNE,0.6480186480186481,0.7965616045845272,0.5461689587426326,0.7475395149192239,55.65398120880127
satellite,9,IsolationForest+LOF+HBOS+COPOD+VAE+KNN+MCD+INNE+PCA,0.6441176470588236,0.8027859237536656,0.537819253438114,0.7262270716107564,58.32905912399292
satellite,10,IsolationForest+LOF+HBOS+COPOD+VAE+KNN+MCD+INNE+PCA+DeepSVDD,0.6402366863905326,0.8050595238095238,0.5314341846758349,0.7197934340319352,46.44859552383423
satellite,11,IsolationForest+LOF+HBOS+COPOD+VAE+KNN+MCD+INNE+PCA+DeepSVDD+LUNAR,0.6521861777150917,0.7660702451954937,0.5677799607072691,0.7254934033498415,59.25921988487244
satimage-2,2,IsolationForest+LOF,0.07186234817813765,0.03727034120734908,1.0,0.9915817304384577,0.7621254920959473
satimage-2,3,IsolationForest+LOF+HBOS,0.15184381778741865,0.08225616921269095,0.9859154929577465,0.9929651179933755,0.9178762435913086
satimage-2,4,IsolationForest+LOF+HBOS+COPOD,0.13096351730589337,0.07014028056112225,0.9859154929577465,0.9890975300512075,1.2765824794769287
satimage-2,5,IsolationForest+LOF+HBOS+COPOD+VAE,0.14432989690721648,0.0778642936596218,0.9859154929577465,0.9949406838799721,45.358142137527466
satimage-2,6,IsolationForest+LOF+HBOS+COPOD+VAE+KNN,0.15167930660888407,0.08215962441314555,0.9859154929577465,0.9970292796556028,44.94806504249573
satimage-2,7,IsolationForest+LOF+HBOS+COPOD+VAE+KNN+MCD,0.185378590078329,0.10215827338129496,1.0,0.9967393334185153,28.81326913833618
satimage-2,8,IsolationForest+LOF+HBOS+COPOD+VAE+KNN+MCD+INNE,0.1415752741774676,0.07618025751072961,1.0,0.9971545954021408,31.24160361289978
satimage-2,9,IsolationForest+LOF+HBOS+COPOD+VAE+KNN+MCD+INNE+PCA,0.14549180327868852,0.07845303867403315,1.0,0.9976927159608032,35.28668999671936
satimage-2,10,IsolationForest+LOF+HBOS+COPOD+VAE+KNN+MCD+INNE+PCA+DeepSVDD,0.16511627906976745,0.08998732572877059,1.0,0.9974125984097186,35.062257051467896
satimage-2,11,IsolationForest+LOF+HBOS+COPOD+VAE+KNN+MCD+INNE+PCA+DeepSVDD+LUNAR,0.14900314795383002,0.08049886621315193,1.0,0.9971963673176534,53.32260036468506
speech,2,IsolationForest+LOF,0.028477546549835708,0.014730878186968839,0.4262295081967213,0.4940825325042397,0.9106462001800537
speech,3,IsolationForest+LOF+HBOS,0.029850746268656716,0.015540540540540541,0.3770491803278688,0.48882758620689665,0.9869644641876221
speech,4,IsolationForest+LOF+HBOS+COPOD,0.027184466019417475,0.014150943396226415,0.3442622950819672,0.4891170152628604,0.965094804763794
speech,5,IsolationForest+LOF+HBOS+COPOD+VAE,0.02574002574002574,0.013395847287340924,0.32786885245901637,0.4855172413793104,17.74808096885681
speech,6,IsolationForest+LOF+HBOS+COPOD+VAE+KNN,0.027096774193548386,0.014103425117528543,0.3442622950819672,0.48508762012436407,18.118343353271484
speech,7,IsolationForest+LOF+HBOS+COPOD+VAE+KNN+MCD,0.027061855670103094,0.014084507042253521,0.3442622950819672,0.48680610514414924,120.5319414138794
speech,8,IsolationForest+LOF+HBOS+COPOD+VAE+KNN+MCD+INNE,0.025856496444731737,0.013458950201884253,0.32786885245901637,0.485191633691351,128.48470306396484
speech,9,IsolationForest+LOF+HBOS+COPOD+VAE+KNN+MCD+INNE+PCA,0.02599090318388564,0.013531799729364006,0.32786885245901637,0.483016393442623,125.37279915809631
speech,10,IsolationForest+LOF+HBOS+COPOD+VAE+KNN+MCD+INNE+PCA+DeepSVDD,0.02599090318388564,0.013531799729364006,0.32786885245901637,0.48243753533069533,115.99087405204773
speech,11,IsolationForest+LOF+HBOS+COPOD+VAE+KNN+MCD+INNE+PCA+DeepSVDD+LUNAR,0.028460543337645538,0.014814814814814815,0.36065573770491804,0.48539966082532504,120.54893398284912
thyroid,2,IsolationForest+LOF,0.11460258780036968,0.060784313725490195,1.0,0.9574656507290725,0.44539523124694824
thyroid,3,IsolationForest+LOF+HBOS,0.1984216459977452,0.11083123425692695,0.946236559139785,0.9604263664448323,0.4416022300720215
thyroid,4,IsolationForest+LOF+HBOS+COPOD,0.20932878270762229,0.11704834605597965,0.989247311827957,0.9571499969311437,0.7886245250701904
thyroid,5,IsolationForest+LOF+HBOS+COPOD+VAE,0.2238993710691824,0.1267806267806268,0.956989247311828,0.957383814559239,29.226675987243652
thyroid,6,IsolationForest+LOF+HBOS+COPOD+VAE+KNN,0.2312579415501906,0.13112391930835735,0.978494623655914,0.9591374467699555,30.277848720550537
thyroid,7,IsolationForest+LOF+HBOS+COPOD+VAE+KNN+MCD,0.2449528936742934,0.14,0.978494623655914,0.9600025719939089,19.260987758636475
thyroid,8,IsolationForest+LOF+HBOS+COPOD+VAE+KNN+MCD+INNE,0.16048317515099222,0.08724202626641651,1.0,0.9661490528924701,20.148665189743042
thyroid,9,IsolationForest+LOF+HBOS+COPOD+VAE+KNN+MCD+INNE+PCA,0.16970802919708028,0.09272183449651047,1.0,0.9654943635338028,30.365105628967285
thyroid,10,IsolationForest+LOF+HBOS+COPOD+VAE+KNN+MCD+INNE+PCA+DeepSVDD,0.17206290471785385,0.09412955465587045,1.0,0.9657983264503269,31.561872959136963
thyroid,11,IsolationForest+LOF+HBOS+COPOD+VAE+KNN+MCD+INNE+PCA+DeepSVDD+LUNAR,0.19267015706806281,0.10672853828306264,0.989247311827957,0.9645532475807181,21.120463848114014
vertebral,2,IsolationForest+LOF,0.0851063829787234,0.0625,0.13333333333333333,0.4004761904761905,0.2724752426147461
vertebral,3,IsolationForest+LOF+HBOS,0.0761904761904762,0.05333333333333334,0.13333333333333333,0.34523809523809523,0.5290498733520508
vertebral,4,IsolationForest+LOF+HBOS+COPOD,0.039603960396039604,0.028169014084507043,0.06666666666666667,0.3276190476190476,0.26065611839294434
vertebral,5,IsolationForest+LOF+HBOS+COPOD+VAE,0.056074766355140186,0.03896103896103896,0.1,0.3196825396825397,2.0899572372436523
vertebral,6,IsolationForest+LOF+HBOS+COPOD+VAE+KNN,0.05714285714285714,0.04,0.1,0.3222222222222222,2.1604177951812744
vertebral,7,IsolationForest+LOF+HBOS+COPOD+VAE+KNN+MCD,0.04081632653061224,0.029411764705882353,0.06666666666666667,0.3219047619047619,2.200181245803833
vertebral,8,IsolationForest+LOF+HBOS+COPOD+VAE+KNN+MCD+INNE,0.07207207207207207,0.04938271604938271,0.13333333333333333,0.3441269841269841,3.046464204788208
vertebral,9,IsolationForest+LOF+HBOS+COPOD+VAE+KNN+MCD+INNE+PCA,0.08849557522123894,0.060240963855421686,0.16666666666666666,0.34444444444444444,2.6850879192352295
vertebral,10,IsolationForest+LOF+HBOS+COPOD+VAE+KNN+MCD+INNE+PCA+DeepSVDD,0.07547169811320754,0.05263157894736842,0.13333333333333333,0.35444444444444445,3.0813655853271484
vertebral,11,IsolationForest+LOF+HBOS+COPOD+VAE+KNN+MCD+INNE+PCA+DeepSVDD+LUNAR,0.08602150537634409,0.06349206349206349,0.13333333333333333,0.35285714285714287,3.036140203475952
wbc,2,IsolationForest+LOF,0.3387096774193548,0.20388349514563106,1.0,0.9497132186207817,0.34042954444885254
wbc,3,IsolationForest+LOF+HBOS,0.3877551020408163,0.24675324675324675,0.9047619047619048,0.9561157796451913,0.29610180854797363
wbc,4,IsolationForest+LOF+HBOS+COPOD,0.3877551020408163,0.24675324675324675,0.9047619047619048,0.9595838335334134,0.5791335105895996
wbc,5,IsolationForest+LOF+HBOS+COPOD+VAE,0.3917525773195876,0.25,0.9047619047619048,0.9545151393890889,2.8028616905212402
wbc,6,IsolationForest+LOF+HBOS+COPOD+VAE+KNN,0.42,0.26582278481012656,1.0,0.953047885820995,2.983799934387207
wbc,7,IsolationForest+LOF+HBOS+COPOD+VAE+KNN+MCD,0.3958333333333333,0.25333333333333335,0.9047619047619048,0.9517140189409097,2.0883119106292725
wbc,8,IsolationForest+LOF+HBOS+COPOD+VAE+KNN+MCD+INNE,0.4,0.25675675675675674,0.9047619047619048,0.9507803121248499,2.2112998962402344
wbc,9,IsolationForest+LOF+HBOS+COPOD+VAE+KNN+MCD+INNE+PCA,0.38202247191011235,0.25,0.8095238095238095,0.9502467653728158,2.473677158355713
wbc,10,IsolationForest+LOF+HBOS+COPOD+VAE+KNN+MCD+INNE+PCA+DeepSVDD,0.38202247191011235,0.25,0.8095238095238095,0.9493130585567561,2.537727117538452
wbc,11,IsolationForest+LOF+HBOS+COPOD+VAE+KNN+MCD+INNE+PCA+DeepSVDD+LUNAR,0.38636363636363635,0.2537313432835821,0.8095238095238095,0.9498466053087902,2.9273993968963623
annthyroid,2,IsolationForest+LOF,0.22392457277548616,0.13286713286713286,0.7116104868913857,0.781836891554324,0.9271185398101807
annthyroid,3,IsolationForest+LOF+HBOS,0.22841225626740946,0.15185185185185185,0.4606741573033708,0.7077581353640983,1.1408305168151855
annthyroid,4,IsolationForest+LOF+HBOS+COPOD,0.24736601007787448,0.1637355973317162,0.5056179775280899,0.7289641885536868,0.9103488922119141
annthyroid,5,IsolationForest+LOF+HBOS+COPOD+VAE,0.24213075060532688,0.16329196603527107,0.4681647940074906,0.7250368295256492,32.909770488739014
annthyroid,6,IsolationForest+LOF+HBOS+COPOD+VAE+KNN,0.2729103726082578,0.18663911845730027,0.5074906367041199,0.7331620802529693,57.2719829082489
annthyroid,7,IsolationForest+LOF+HBOS+COPOD+VAE+KNN+MCD,0.29151483602290473,0.20187454938716654,0.5243445692883895,0.7337104496966551,33.737956523895264
annthyroid,8,IsolationForest+LOF+HBOS+COPOD+VAE+KNN+MCD+INNE,0.29557337051237365,0.1815845824411135,0.7940074906367042,0.8324967328193493,35.37886118888855
annthyroid,9,IsolationForest+LOF+HBOS+COPOD+VAE+KNN+MCD+INNE+PCA,0.2767485822306238,0.1733775461866414,0.6853932584269663,0.8239427875371806,55.816128969192505
annthyroid,10,IsolationForest+LOF+HBOS+COPOD+VAE+KNN+MCD+INNE+PCA+DeepSVDD,0.28329484218629714,0.17829457364341086,0.6891385767790262,0.8240040296164448,48.2726616859436
annthyroid,11,IsolationForest+LOF+HBOS+COPOD+VAE+KNN+MCD+INNE+PCA+DeepSVDD+LUNAR,0.2752143732135566,0.17597911227154048,0.6310861423220974,0.8204042314343795,62.80920338630676
arrhythmia,2,IsolationForest+LOF,0.40869565217391307,0.2865853658536585,0.7121212121212122,0.752865441984613,0.3487846851348877
arrhythmia,3,IsolationForest+LOF+HBOS,0.47337278106508873,0.3883495145631068,0.6060606060606061,0.7998115873763542,0.4016752243041992
arrhythmia,4,IsolationForest+LOF+HBOS+COPOD,0.4673913043478261,0.3644067796610169,0.6515151515151515,0.8005966399748783,0.4321885108947754
arrhythmia,5,IsolationForest+LOF+HBOS+COPOD+VAE,0.47674418604651164,0.3867924528301887,0.6212121212121212,0.7988302716281991,3.596177339553833
arrhythmia,6,IsolationForest+LOF+HBOS+COPOD+VAE+KNN,0.43781094527363185,0.32592592592592595,0.6666666666666666,0.8081331449207096,4.1026270389556885
arrhythmia,7,IsolationForest+LOF+HBOS+COPOD+VAE+KNN+MCD,0.43781094527363185,0.32592592592592595,0.6666666666666666,0.8081331449207096,3.8294594287872314
arrhythmia,8,IsolationForest+LOF+HBOS+COPOD+VAE+KNN+MCD+INNE,0.455026455026455,0.34959349593495936,0.6515151515151515,0.8113126079447323,4.213471412658691
arrhythmia,9,IsolationForest+LOF+HBOS+COPOD+VAE+KNN+MCD+INNE+PCA,0.4782608695652174,0.3728813559322034,0.6666666666666666,0.8084079133301931,3.5218491554260254
arrhythmia,10,IsolationForest+LOF+HBOS+COPOD+VAE+KNN+MCD+INNE+PCA+DeepSVDD,0.449438202247191,0.35714285714285715,0.6060606060606061,0.8048359240069085,5.19682240486145
arrhythmia,11,IsolationForest+LOF+HBOS+COPOD+VAE+KNN+MCD+INNE+PCA+DeepSVDD+LUNAR,0.4777777777777778,0.37719298245614036,0.6515151515151515,0.8059742502747683,5.547089099884033
breastw,2,IsolationForest+LOF,0.657496561210454,0.48975409836065575,1.0,0.970174149044442,0.3236992359161377
breastw,3,IsolationForest+LOF+HBOS,0.9070208728652751,0.8298611111111112,1.0,0.9899355422367975,0.314955472946167
breastw,4,IsolationForest+LOF+HBOS+COPOD,0.937007874015748,0.8847583643122676,0.99581589958159,0.992413962079234,0.31006646156311035
breastw,5,IsolationForest+LOF+HBOS+COPOD+VAE,0.918918918918919,0.8530465949820788,0.99581589958159,0.993808662218704,3.367114305496216
breastw,6,IsolationForest+LOF+HBOS+COPOD+VAE+KNN,0.9275929549902152,0.8713235294117647,0.9916317991631799,0.9918485431037732,3.5644571781158447
breastw,7,IsolationForest+LOF+HBOS+COPOD+VAE+KNN+MCD,0.92578125,0.8681318681318682,0.9916317991631799,0.9920275924460025,6.137977838516235
breastw,8,IsolationForest+LOF+HBOS+COPOD+VAE+KNN+MCD+INNE,0.9242718446601942,0.8623188405797102,0.99581589958159,0.9910852274869012,3.9861392974853516
breastw,9,IsolationForest+LOF+HBOS+COPOD+VAE+KNN+MCD+INNE+PCA,0.9386138613861386,0.8909774436090225,0.9916317991631799,0.9912360058803573,4.0015058517456055
breastw,10,IsolationForest+LOF+HBOS+COPOD+VAE+KNN+MCD+INNE+PCA+DeepSVDD,0.9330708661417323,0.8810408921933085,0.9916317991631799,0.9912737004787213,5.104560852050781
breastw,11,IsolationForest+LOF+HBOS+COPOD+VAE+KNN+MCD+INNE+PCA+DeepSVDD+LUNAR,0.9330708661417323,0.8810408921933085,0.9916317991631799,0.9904067247163482,7.032139778137207
mnist,2,IsolationForest+LOF,0.2461476886131679,0.14312310914591575,0.8785714285714286,0.8071116077895739,1.8265283107757568
mnist,3,IsolationForest+LOF+HBOS,0.22523584905660377,0.14190193164933135,0.5457142857142857,0.7138229755178908,2.174132823944092
mnist,4,IsolationForest+LOF+HBOS+COPOD,0.3147386964180857,0.19807834441980784,0.7657142857142857,0.7797889116533184,2.104114532470703
mnist,5,IsolationForest+LOF+HBOS+COPOD+VAE,0.32424508941659336,0.20398376982663224,0.79,0.7925907990314769,37.28408932685852
mnist,6,IsolationForest+LOF+HBOS+COPOD+VAE+KNN,0.32849020846494,0.21086780210867803,0.7428571428571429,0.8133385070673206,37.22724223136902
mnist,7,IsolationForest+LOF+HBOS+COPOD+VAE+KNN+MCD,0.35387547649301143,0.2275326797385621,0.7957142857142857,0.8142116264150163,42.373825550079346
mnist,8,IsolationForest+LOF+HBOS+COPOD+VAE+KNN+MCD+INNE,0.3272129350506988,0.20244150559511698,0.8528571428571429,0.8207971689327622,47.41404390335083
mnist,9,IsolationForest+LOF+HBOS+COPOD+VAE+KNN+MCD+INNE+PCA,0.3272129350506988,0.20244150559511698,0.8528571428571429,0.8207971689327622,54.17535638809204
mnist,10,IsolationForest+LOF+HBOS+COPOD+VAE+KNN+MCD+INNE+PCA+DeepSVDD,0.32923161060978945,0.20358471423740276,0.86,0.8209037478529003,69.34811401367188
mnist,11,IsolationForest+LOF+HBOS+COPOD+VAE+KNN+MCD+INNE+PCA+DeepSVDD+LUNAR,0.3250068624759813,0.20115528372409106,0.8457142857142858,0.8210544069866104,69.75473260879517
vowels,2,IsolationForest+LOF,0.14792899408284024,0.07987220447284345,1.0,0.886330014224751,0.309800386428833
vowels,3,IsolationForest+LOF+HBOS,0.12563667232597622,0.0686456400742115,0.74,0.7839118065433855,0.32813334465026855
vowels,4,IsolationForest+LOF+HBOS+COPOD,0.09020217729393468,0.048903878583473864,0.58,0.7120199146514936,0.33988237380981445
vowels,5,IsolationForest+LOF+HBOS+COPOD+VAE,0.1182108626198083,0.0642361111111111,0.74,0.7460597439544807,6.698097467422485
vowels,6,IsolationForest+LOF+HBOS+COPOD+VAE+KNN,0.11764705882352941,0.06390328151986183,0.74,0.8079943100995732,12.329567432403564
vowels,7,IsolationForest+LOF+HBOS+COPOD+VAE+KNN+MCD,0.11802232854864433,0.06412478336221837,0.74,0.8113086770981508,8.996746301651001
vowels,8,IsolationForest+LOF+HBOS+COPOD+VAE+KNN+MCD+INNE,0.134185303514377,0.07291666666666667,0.84,0.8243954480796586,12.608023643493652
vowels,9,IsolationForest+LOF+HBOS+COPOD+VAE+KNN+MCD+INNE+PCA,0.1189710610932476,0.06468531468531469,0.74,0.7997581792318634,11.105281829833984
vowels,10,IsolationForest+LOF+HBOS+COPOD+VAE+KNN+MCD+INNE+PCA+DeepSVDD,0.12012987012987013,0.06537102473498234,0.74,0.7915220483641536,8.915786266326904
vowels,11,IsolationForest+LOF+HBOS+COPOD+VAE+KNN+MCD+INNE+PCA+DeepSVDD+LUNAR,0.12052117263843648,0.06560283687943262,0.74,0.8192603129445234,13.385712146759033
wine,2,IsolationForest+LOF,0.2553191489361702,0.16216216216216217,0.6,0.7705882352941176,0.2359461784362793
wine,3,IsolationForest+LOF+HBOS,0.2978723404255319,0.1891891891891892,0.7,0.8210084033613445,0.250518798828125
wine,4,IsolationForest+LOF+HBOS+COPOD,0.2978723404255319,0.1891891891891892,0.7,0.8420168067226891,0.24996471405029297
wine,5,IsolationForest+LOF+HBOS+COPOD+VAE,0.391304347826087,0.25,0.9,0.8512605042016806,1.1930084228515625
wine,6,IsolationForest+LOF+HBOS+COPOD+VAE+KNN,0.36363636363636365,0.23529411764705882,0.8,0.842857142857143,1.5435872077941895
wine,7,IsolationForest+LOF+HBOS+COPOD+VAE+KNN+MCD,0.391304347826087,0.25,0.9,0.8815126050420167,1.626138687133789
wine,8,IsolationForest+LOF+HBOS+COPOD+VAE+KNN+MCD+INNE,0.37735849056603776,0.23255813953488372,1.0,0.8731092436974789,1.7258546352386475
wine,9,IsolationForest+LOF+HBOS+COPOD+VAE+KNN+MCD+INNE+PCA,0.3829787234042553,0.24324324324324326,0.9,0.8798319327731092,2.073827028274536
wine,10,IsolationForest+LOF+HBOS+COPOD+VAE+KNN+MCD+INNE+PCA+DeepSVDD,0.38095238095238093,0.25,0.8,0.8798319327731092,1.7384252548217773
wine,11,IsolationForest+LOF+HBOS+COPOD+VAE+KNN+MCD+INNE+PCA+DeepSVDD+LUNAR,0.3333333333333333,0.21875,0.7,0.8747899159663866,2.3755908012390137
